[
{"ISBN-13": "9780134853987", "Publisher": "Pearson Education", "PublishlicationDate": "11/15/2019", "Series": "Effective Software Development Series", "EditionDescription": "2nd ed.", "Pages": "480", "SalesRank": "269,413", "ProductDimensions": " 6.80(w) x 9.00(h) x 0.90(d)", "Price": "Paperback-$49.99"},
{"ISBN-13": null, "Publisher": null, "PublishlicationDate": null, "Series": null, "EditionDescription": null, "Pages": null, "SalesRank": null, "ProductDimensions": null, "Price": "Paperback-$49.99"}
]